<?xml version="1.0" encoding="UTF-8"?>
<!DOCTYPE fontscolors PUBLIC "-//NetBeans//DTD Editor Fonts and Colors settings 1.1//EN" "http://www.netbeans.org/dtds/EditorFontsColors-1_1.dtd">
<fontscolors>
    <fontcolor default="identifier" foreColor="ffdcdcdc" name="identifier"/>
    <fontcolor default="string" foreColor="ffd69d85" name="string"/>
    <fontcolor default="identifier" foreColor="ff4ec9b0" name="mod-class"/>
    <fontcolor default="method" foreColor="ffdcdcaa" name="mod-method"/>
    <fontcolor default="method" foreColor="ffdcdcaa" name="mod-method-declaration"/>
    <fontcolor default="identifier" foreColor="ffdcdc82" name="mod-constructor-declaration"/>
    <fontcolor default="keyword" foreColor="ffd8a0df" name="keyword-directive"/>
    <fontcolor default="number" foreColor="ffb5cea8" name="number"/>
    <fontcolor default="identifier" foreColor="ff9a9a9a" name="mod-parameter-declaration"/>
    <fontcolor default="char" foreColor="ffd69d85" name="character"/>
    <fontcolor default="identifier" foreColor="ff9a9a9a" name="mod-parameter"/>
    <fontcolor default="identifier" foreColor="ff4ec9b0" name="mod-class-declaration"/>
    <fontcolor default="keyword" foreColor="ff569cd6" name="keyword"/>
    <fontcolor default="identifier" foreColor="ffdcdc82" name="mod-constructor"/>
</fontscolors>
